Main,Column 1,Ct,Column 2,,Tracktypes,Explanations
Summer 1,Speedfun,concrete jungle,Tech,,Fullspeed(FS),"High speed throughout with banking, wallrides, and loops; minimal/no braking."
Summer 2,Speedfun,Snow Park,Fullspeed,,Fakespeed,"Deceptive high speeds requiring subtle releases, slides, or non-obvious line tricks."
Summer 3,Fullspeed,Malformations,Tech,,Speedfun,"Flowing, fast-paced courses with gentle transitions and accessible slide arcs."
Summer 4,Speedtech,Sandline Ultimatum,Fakespeed,,Speedtech,Combines high momentum with technical slide control and precision drifting.
Summer 5,Speedfun,Re : Akina,Tech,,Tech,"Tight technical turns, brake-tapping, slide management, and acute precision."
Summer 6,Fakespeed,Opal Palace - Repolished,Speedfun,,RPG,"Endurance, trial obstacles, complex pathfinding, and precision puzzle sections."
Summer 7,Speedfun,90xRESET,Fakespeed,,,
Winter 1,Speedtech,Lu Muvimento,Fullspeed,,,
Winter 2,Fullspeed,Last Remnant,RPG,,,
Winter 3,Speedfun,DESERT STALLION,Fullspeed,,,
Winter 4,Fullspeed,Las Calles,Tech,,,
Winter 5,Fullspeed,Clay Temples,Speedtech,,,
Desert 1,Fakespeed,Winter Hollow,Tech,,,
Desert 2,Speedtech,Hyperion Sanctuary,Fullspeed,,,
Desert 3,Fakespeed,Arabica,Speedtech,,,
Desert 4,Fullspeed,Natsujo,Speedfun,,,
Desert 5,Speedfun,Anubis,Fullspeed,,,
,,Joenail Jones,Tech,,,
,,MOS ESPA,Speedfun,,,
,,Asguardia,Speedfun,,,
,,Ghost City,Fullspeed,,,
,,Flying Dreams,Speedfun,,,
,,Starry Tropisx,Speedtech,,,
,,Fractured Shores,Tech,,,
,,Launch Control,Fullspeed,,,
,,Winterfell,Speedtech,,,
,,Frozen In Time,Speedtech,,,
,,Midas Metropolis,Tech,,,
,,Land of the Rising Sun,Fullspeed,,,
,,Cogware,Fullspeed,,,
,,Shrouded Oasis,Speedfun,,,
,,Zealot,Fullspeed,,,
,,Sludge Pipe Circuit,Fullspeed,,,
,,Tangled Cliffs,Fullspeed,,,
,,Frozen Ramparts,Tech,,,
,,Levitation,Fullspeed,,,
,,Frosted Fjords,Fullspeed,,,
,,Lost at sea,Fullspeed,,,
,,4 seasons,Speedtech,,,
,,Termite Terror,Speedtech,,,
,,Cruising Altitude,Speedfun,,,
,,Magenta Mines,Fullspeed,,,
,,Grimspyre,Speedtech,,,
,,Sunken Glyphs,Tech,,,
,,Paradise Palace,Fullspeed,,,
,,Steinwallburg,Fullspeed,,,
,,ShardMir,RPG,,,
,,Sky Bound,Fullspeed,,,
,,Koselig,Tech,,,
,,Arx Lucida,Tech,,,
,,Marvelous Marble,Fullspeed,,,
,,Planet 97,Speedfun,,,
,,sandy lanes II,Speedtech,,,
,,Lenore,Tech,,,
,,Natsu,Speedfun,,,
,,Star Bound,Fullspeed,,,
,,The Eldritch Estate,Fullspeed,,,
,,Amberbound,Speedtech,,,
,,Overclocked,Fullspeed,,,
,,Stardust,Speedtech,,,
,,Apostle,Fullspeed,,,
